num,polygon
1,"[[1046.3065021785415, 796.9303395120693], [926.335575687742, 992.7050983124842], [873.606797749979, 1130.4226065180615], [659.2019000520907, 928.2013048376735], [369.5773934819386, 873.606797749979], [464.6830451114539, 657.2949016875158], [467.1572875253809, 467.15728752538104], [626.393202250021, 369.5773934819386], [985.1141009169892, 426.393202250021], [992.7050983124842, 573.664424312258]]"
1,"[[950.0, 750.0], [626.3932022500211, 1130.4226065180615], [507.2949016875158, 926.335575687742], [514.8858990830107, 426.3932022500211], [1073.6067977499788, 514.8858990830107]]"
1,"[[1050.0, 750.0], [950.0, 1096.4101615137754], [608.5786437626905, 891.4213562373095], [350.0, 750.0], [749.9999999999999, 350.0], [899.9999999999998, 490.1923788646683]]"
1,"[[930.1937735804838, 836.7767478235116], [836.7767478235116, 930.1937735804838], [576.4465043529767, 1110.3875471609676], [360.02883512727055, 839.0083735825258], [569.8062264195162, 663.2232521764884], [750.0, 550.0], [999.3959207434933, 437.26740701278806]]"
1,"[[923.2050807568878, 850.0], [801.7638090205041, 943.1851652578137], [600.0, 1009.8076211353316], [550.0, 750.0], [672.3542864692436, 460.2222521132796], [849.9999999999999, 576.7949192431122]]"
